first_name,last_name,email,address,city,state,zip,phone,itemtype
Kati,Canelas,kcanelas0@purevolume.com,819 Bonner Point,Rockville,Maryland,20851,240-125-6364,customer
Mic,Grimwade,mgrimwade1@goodreads.com,4001 Summit Place,Dulles,Virginia,20189,571-520-3184,customer
Lowe,Presidey,lpresidey2@qq.com,61326 Westridge Street,Atlanta,Georgia,30356,404-868-2035,customer
Augustine,Birdwhistell,abirdwhistell3@twitpic.com,9 Swallow Terrace,Peoria,Illinois,61635,309-847-7177,customer
Judon,Maro,jmaro4@stanford.edu,700 Arizona Center,Charleston,West Virginia,25321,304-494-0092,customer
Bjorn,Browell,bbrowell5@businesswire.com,34066 Pepper Wood Center,Atlanta,Georgia,30386,404-881-7095,customer
Daron,Duffin,dduffin6@discovery.com,47 Monument Drive,San Francisco,California,94147,415-925-2117,customer
Dall,McKean,dmckean7@wikimedia.org,4 Bluejay Court,Reading,Pennsylvania,19610,484-450-3093,customer
Pip,Petteford,ppetteford8@yale.edu,36 Brown Trail,Arlington,Texas,76011,817-939-1724,customer
Case,O'Neill,coneill9@51.la,5 Gale Place,Dallas,Texas,75236,469-635-8973,customer
Brennen,Sharrier,bsharriera@skyrock.com,59792 Homewood Center,Spokane,Washington,99210,509-575-7393,customer
Devinne,Adamkiewicz,dadamkiewiczb@princeton.edu,081 Bashford Crossing,Sparks,Nevada,89436,775-990-9967,customer
Richy,Allmond,rallmondc@vk.com,297 Johnson Terrace,Rochester,New York,14619,585-390-0045,customer
Ailene,Hyam,ahyamd@1und1.de,901 Chive Way,Rochester,New York,14619,585-267-3898,customer
Marsha,Margaret,mmargarete@dropbox.com,424 Hollow Ridge Point,Honolulu,Hawaii,96805,808-206-9645,customer
Felipe,Blakeman,fblakemanf@discovery.com,10121 Declaration Road,Aurora,Colorado,80015,720-614-6002,customer
Quinn,Dennes,qdennesg@cafepress.com,5262 Pankratz Point,Danbury,Connecticut,06816,203-798-0556,customer
Adriano,Snelgar,asnelgarh@tinyurl.com,1848 Luster Crossing,Albany,New York,12210,518-591-0409,customer
Verene,Tudhope,vtudhopei@infoseek.co.jp,44991 Pine View Court,Buffalo,New York,14233,716-812-0888,customer
Honor,Wolvey,hwolveyj@plala.or.jp,01542 Old Gate Court,Paterson,New Jersey,07522,201-201-5185,customer
Minerva,Coltart,mcoltartk@joomla.org,4 Delladonna Place,Lake Charles,Louisiana,70616,337-577-3731,customer
Chelsea,Whisby,cwhisbyl@ovh.net,05895 Florence Way,Nashville,Tennessee,37210,615-761-1896,customer
Alfons,Cooley,acooleym@ted.com,7 Continental Way,Los Angeles,California,90050,213-464-5928,customer
Nikola,Gasker,ngaskern@ucsd.edu,99 Cordelia Way,Newark,New Jersey,07112,201-671-7278,customer
Artus,Guyver,aguyvero@blinklist.com,140 Spenser Way,Kansas City,Kansas,66112,816-363-3848,customer
Bethena,Ivanishchev,bivanishchevp@blogger.com,64 Garrison Crossing,Mesquite,Texas,75185,972-562-6069,customer
Waylin,Jagiello,wjagielloq@facebook.com,1 Clyde Gallagher Junction,Saint Paul,Minnesota,55123,952-694-7001,customer
Natale,Trimmell,ntrimmellr@columbia.edu,3 Commercial Point,Green Bay,Wisconsin,54305,920-314-1961,customer
Orlan,Kliner,okliners@sun.com,76037 Manitowish Park,Sioux City,Iowa,51110,712-930-2419,customer
Brita,Abdee,babdeet@ucla.edu,37 Mallory Park,Washington,District of Columbia,20231,202-643-5096,customer
Clyde,Ravilus,cravilusu@dot.gov,09548 Warrior Hill,Trenton,New Jersey,08619,609-394-5889,customer
Gabbey,Canadas,gcanadasv@shinystat.com,60376 Anniversary Avenue,New York City,New York,10292,212-550-6468,customer
Sonja,Skough,sskoughw@creativecommons.org,6 Becker Center,Mesa,Arizona,85215,602-925-5525,customer
Annabella,Cheasman,acheasmanx@mac.com,7 Bayside Junction,Sparks,Nevada,89436,775-381-2085,customer
Shaylyn,Dallemore,sdallemorey@lulu.com,465 Fair Oaks Court,Boulder,Colorado,80310,303-682-6247,customer
Kore,Neubigging,kneubiggingz@chicagotribune.com,0011 Hoepker Parkway,San Antonio,Texas,78205,210-833-0452,customer
Stacia,Wessel,swessel10@nsw.gov.au,397 Forest Place,Dallas,Texas,75260,214-442-2924,customer
Chalmers,Dray,cdray11@github.com,662 Hansons Crossing,El Paso,Texas,79905,915-831-5262,customer
Marget,Kenna,mkenna12@salon.com,566 Claremont Crossing,New York City,New York,10034,212-319-9385,customer
Ximenes,Farrer,xfarrer13@1688.com,91 Gina Lane,Pittsburgh,Pennsylvania,15210,412-668-0701,customer
Gloriana,Farmloe,gfarmloe14@ucsd.edu,0 Cherokee Plaza,Shreveport,Louisiana,71166,318-784-9021,customer
Joell,Gary,jgary15@state.tx.us,02 6th Place,Jacksonville,Florida,32277,904-828-0552,customer
Loutitia,Stanton,lstanton16@trellian.com,8 Northfield Pass,Springfield,Illinois,62711,217-984-1323,customer
Carrissa,Hordell,chordell17@howstuffworks.com,2146 American Terrace,Denver,Colorado,80279,303-754-0897,customer
Herby,Newdick,hnewdick18@ustream.tv,63 Sugar Place,Orlando,Florida,32891,407-572-9103,customer
Lief,Sisson,lsisson19@wordpress.com,085 6th Hill,Atlanta,Georgia,30386,404-893-3020,customer
Vonni,Pott,vpott1a@google.nl,800 Brentwood Crossing,Boston,Massachusetts,02104,318-193-3817,customer
Marlin,Leadley,mleadley1b@blinklist.com,18 Sheridan Avenue,Bakersfield,California,93311,661-118-9133,customer
Carolina,Burkert,cburkert1c@is.gd,4504 Ronald Regan Park,Houston,Texas,77055,832-372-8513,customer
Dosi,Janda,djanda1d@shop-pro.jp,1920 Blackbird Road,Alexandria,Virginia,22301,202-507-6860,customer
Toby,Skirvin,tskirvin1e@dagondesign.com,4 Kinsman Drive,Tampa,Florida,33661,813-967-2251,customer
Matty,Brinsford,mbrinsford1f@digg.com,49 Anniversary Drive,Cincinnati,Ohio,45228,513-730-9216,customer
Simone,Davidovitch,sdavidovitch1g@goo.ne.jp,4 Lindbergh Road,New York City,New York,10131,212-808-2704,customer
Neale,Spain-Gower,nspaingower1h@webnode.com,968 Bayside Road,Houston,Texas,77035,281-795-0925,customer
Kelley,Glencros,kglencros1i@blog.com,5 Hintze Street,Saint Petersburg,Florida,33737,727-197-1830,customer
Merralee,McCurt,mmccurt1j@tamu.edu,78075 Main Junction,Inglewood,California,90310,310-393-6124,customer
Danica,Gracey,dgracey1k@mashable.com,3420 Rowland Junction,Louisville,Kentucky,40225,502-750-6899,customer
Francisca,Kay,fkay1l@gov.uk,1 Fair Oaks Terrace,Muskegon,Michigan,49444,231-471-8637,customer
Bentlee,Skain,bskain1m@dedecms.com,22 Helena Drive,Gadsden,Alabama,35905,256-114-1423,customer
Dody,Fundell,dfundell1n@over-blog.com,7911 Westerfield Center,Mobile,Alabama,36610,251-841-1205,customer
Meredithe,Patchett,mpatchett1o@cbslocal.com,54127 Parkside Park,Jacksonville,Florida,32220,904-770-4287,customer
Tarah,Josifovic,tjosifovic1p@indiegogo.com,49268 Helena Hill,Austin,Texas,78759,512-282-8929,customer
Pamella,Mattea,pmattea1q@craigslist.org,29385 Fisk Park,Cincinnati,Ohio,45238,513-729-7335,customer
Boote,Chiverstone,bchiverstone1r@dyndns.org,60 1st Junction,Virginia Beach,Virginia,23454,757-118-3585,customer
Dru,Hallum,dhallum1s@youtube.com,9 Thackeray Terrace,Alexandria,Virginia,22309,202-196-4263,customer
Leonidas,Noirel,lnoirel1t@auda.org.au,7 Lakewood Hill,Newport Beach,California,92662,714-213-3533,customer
Christabel,Hillum,chillum1u@patch.com,51402 Vahlen Lane,Kansas City,Missouri,64193,816-837-8049,customer
Hayward,Allbon,hallbon1v@indiegogo.com,19 Twin Pines Place,Irvine,California,92619,949-188-1121,customer
Genna,Pockey,gpockey1w@upenn.edu,461 Sloan Plaza,Scottsdale,Arizona,85255,602-725-8955,customer
Juliane,Axten,jaxten1x@pinterest.com,689 Packers Hill,Memphis,Tennessee,38119,901-907-2196,customer
Lamond,Maccree,lmaccree1y@multiply.com,02798 Calypso Crossing,Madison,Wisconsin,53785,608-878-4253,customer
Amargo,Phippin,aphippin1z@tiny.cc,037 Grasskamp Alley,San Diego,California,92145,858-339-8000,customer
Max,Brigdale,mbrigdale20@csmonitor.com,00308 Dexter Park,Houston,Texas,77299,713-398-0716,customer
Grannie,Chesterfield,gchesterfield21@tumblr.com,10 Schurz Terrace,Jacksonville,Florida,32230,904-103-4845,customer
Odelle,Aslum,oaslum22@arizona.edu,3144 Commercial Crossing,Palm Bay,Florida,32909,321-220-6046,customer
Yulma,Bouda,ybouda23@patch.com,494 Algoma Circle,Houston,Texas,77065,713-477-7092,customer
Samara,Master,smaster24@simplemachines.org,1646 Kedzie Crossing,Tucson,Arizona,85710,520-964-1649,customer
Em,Adamson,eadamson25@github.io,19355 Division Pass,El Paso,Texas,79999,915-322-7413,customer
Melina,Tinghill,mtinghill26@slashdot.org,70 Hallows Lane,Jefferson City,Missouri,65110,573-340-7996,customer
Alva,Casper,acasper27@unc.edu,078 Bunker Hill Place,San Diego,California,92115,619-510-2217,customer
Faustine,Bourgourd,fbourgourd28@exblog.jp,624 Petterle Avenue,Alexandria,Louisiana,71307,318-217-9197,customer
Livvyy,Fearnill,lfearnill29@dmoz.org,66 Colorado Center,Albany,New York,12262,518-871-1478,customer
Laurie,Kob,lkob2a@w3.org,48453 Schmedeman Circle,Oklahoma City,Oklahoma,73147,405-439-3644,customer
Cherin,Ions,cions2b@ifeng.com,1293 Pleasure Alley,Maple Plain,Minnesota,55572,763-335-7305,customer
Malanie,Farfalameev,mfarfalameev2c@census.gov,6354 Hovde Avenue,Monticello,Minnesota,55590,763-717-4175,customer
Joshia,Cowterd,jcowterd2d@washingtonpost.com,422 Milwaukee Street,Cincinnati,Ohio,45271,513-174-2954,customer
Ardys,Murdoch,amurdoch2e@wordpress.com,004 Lakewood Junction,San Antonio,Texas,78215,210-139-6325,customer
Mohandas,Hradsky,mhradsky2f@buzzfeed.com,9 Clyde Gallagher Circle,Young America,Minnesota,55551,952-840-1163,customer
Hunt,Fishpoole,hfishpoole2g@spiegel.de,559 Nobel Pass,Arlington,Virginia,22212,571-421-2033,customer
Ellie,Witnall,ewitnall2h@dyndns.org,90171 Fuller Hill,Kansas City,Kansas,66105,913-805-8637,customer
Korie,Scardafield,kscardafield2i@homestead.com,262 Novick Trail,Saint Louis,Missouri,63169,314-905-7296,customer
Kimble,Mitchener,kmitchener2j@liveinternet.ru,0 Carey Park,Zephyrhills,Florida,33543,813-661-9877,customer
Reece,Perkin,rperkin2k@ucoz.com,0 Vidon Lane,Chicago,Illinois,60614,773-613-9868,customer
Maggee,Iozefovich,miozefovich2l@mozilla.com,9292 Sutteridge Point,Denton,Texas,76210,817-696-4128,customer
Mendy,Milligan,mmilligan2m@hatena.ne.jp,9879 Tennessee Junction,Seattle,Washington,98195,206-563-9555,customer
Dierdre,Butrimovich,dbutrimovich2n@boston.com,1 Lerdahl Road,San Mateo,California,94405,805-406-9376,customer
Krista,Lowthian,klowthian2o@simplemachines.org,6057 Kedzie Street,Richmond,Virginia,23260,804-435-2115,customer
Nathanael,Chatain,nchatain2p@canalblog.com,01723 Trailsway Terrace,Oakland,California,94660,510-784-4645,customer
Martin,Golley,mgolley2q@wunderground.com,415 Barnett Trail,Milwaukee,Wisconsin,53205,920-157-3663,customer
Burl,Malletratt,bmalletratt2r@theguardian.com,8 Arrowood Circle,Kansas City,Missouri,64130,816-119-4502,customer
